Implementation,PSteps,TSteps,MeanTime,StdTime,RunCount
gpu,80,40000,266.542504,13.62143947305962,10
hybrid2,160,70000,1002.2492570000001,17.318374875185214,10
base,80,60000,1768.875417,9.17743256512416,10
hybrid1,160,10000,287.820365,19.983779104553903,10
cpu_acc,60,20000,33.424999,0.4908106113688076,10
cpu_acc,160,50000,207.97828599999997,0.19226984198718522,10
hybrid2,20,100000,367.330538,6.838939067822997,10
base,160,30000,1782.51561,3.963751821328964,10
hybrid1,80,70000,507.47847,28.962767296564667,10
hybrid2,60,10000,269.74681100000004,18.668265074228366,10
hybrid2,120,90000,973.350417,18.604934723601367,10
gpu,120,40000,299.97647900000004,21.409932636016524,10
base,60,100000,2194.365737,20.09850550739978,10
hybrid2,40,50000,352.82044,7.956688147449017,10
base,140,70000,3629.2222439999996,25.440511155886423,10
base,20,40000,167.36411800000002,12.774299540875722,10
gpu,20,60000,314.281329,16.36112730228332,10
hybrid2,140,30000,519.3323419999999,18.654331315736354,10
cpu_acc,180,90000,418.174625,0.3558988887076429,10
base,100,90000,3340.1264109999997,20.32550006267787,10
gpu,180,60000,388.487278,26.98213966298645,10
cpu_acc,140,10000,37.676605,0.09930729113324178,10
hybrid1,20,50000,316.929434,7.087846145809812,10
gpu,60,80000,305.220997,10.32600629722627,10
cpu_acc,40,60000,67.45088200000001,0.12433267486867605,10
gpu,200,40000,284.681652,22.689660399657228,10
hybrid2,200,90000,1524.422285,45.65639560269694,10
hybrid1,140,50000,427.624367,10.417182371286657,10
hybrid2,60,80000,553.573337,16.598190896818338,10
hybrid1,120,60000,446.526891,14.965985146838396,10
gpu,120,100000,330.76705499999997,13.425725111575284,10
cpu_acc,20,50000,29.275489,0.19634365368743978,10
cpu_acc,120,20000,63.413161,0.07699578941590234,10
hybrid1,40,60000,347.71449,13.689325956819218,10
base,40,70000,961.087628,13.153137722776583,10
hybrid2,20,60000,326.13791499999996,20.138848052001524,10
gpu,60,100000,319.559201,10.983970482911747,10
base,120,40000,1765.78159,12.94397826407408,10
gpu,160,30000,264.316066,9.290590064154163,10
hybrid1,160,80000,594.496693,13.089203833833672,10
gpu,40,50000,276.16349,10.711726219434052,10
gpu,140,70000,303.634372,17.852453661864462,10
hybrid1,200,60000,564.453853,9.717923258434563,10
cpu_acc,80,100000,209.083599,0.2914153399245341,10
cpu_acc,200,20000,104.737858,0.12125060666973084,10
cpu_acc,80,70000,148.340123,0.3102019452281582,10
hybrid1,180,40000,471.55416299999996,11.025286901662872,10
base,60,30000,573.9936110000001,43.88352686101508,10
hybrid2,180,20000,465.73705200000006,9.605677379088307,10
cpu_acc,140,80000,287.340422,0.5197930691000471,10
gpu,60,10000,237.313105,10.668224163473353,10
hybrid2,100,40000,513.3318929999999,20.72984340759961,10
gpu,100,90000,333.923292,26.957554501587122,10
hybrid2,80,40000,441.78673399999997,9.051139133802382,10
hybrid1,60,20000,280.572383,17.74630396174686,10
cpu_acc,100,60000,157.945698,0.08653085137683558,10
base,180,60000,3977.681379,17.52173629012739,10
base,200,40000,2955.916701,28.583027237842153,10
hybrid1,100,20000,315.87259,20.22948192428291,10
cpu_acc,20,40000,23.903409,0.11697775785260273,10
hybrid1,120,70000,483.403195,10.56037817511944,10
hybrid1,40,70000,379.23573999999996,16.690708349013963,10
cpu_acc,120,30000,94.62375499999999,0.10930027815863688,10
hybrid2,120,10000,320.72357,12.38790708614745,10
hybrid2,60,90000,598.0826119999999,14.728744144012941,10
gpu,40,40000,258.176893,9.051086856129553,10
hybrid1,160,90000,664.721951,24.35841744266352,10
hybrid2,180,100000,1476.119463,34.36064401301226,10
base,40,60000,783.807368,8.7169964753333,10
gpu,160,20000,256.48681,15.03926497665361,10
base,120,50000,2216.9086190000003,18.551791803207113,10
hybrid2,20,70000,326.165564,9.945592245850193,10
cpu_acc,140,90000,325.274298,0.405677269891548,10
hybrid2,180,30000,582.2362,6.482901864162035,10
hybrid2,200,10000,376.41316700000004,17.534114002135667,10
cpu_acc,180,10000,47.534031999999996,0.061828112591820084,10
base,100,10000,152.043803,0.2898879258169388,10
hybrid1,200,70000,648.067093,28.554295763520823,10
gpu,140,60000,299.702807,10.274276003064974,10
base,60,20000,333.873567,4.625922050272907,10
hybrid1,180,50000,490.659396,17.925147369611587,10
cpu_acc,80,60000,127.47740200000001,0.1471971829289607,10
cpu_acc,200,30000,154.821458,0.06576864007851498,10
cpu_acc,100,70000,183.337077,0.20541158081871994,10
base,180,70000,4648.30715,46.20760351561969,10
hybrid1,60,30000,305.707541,13.35231585912217,10
hybrid2,80,50000,503.457813,14.772496641773966,10
hybrid1,100,30000,339.091294,15.382017914811504,10
base,200,50000,3718.16987,36.09257201741626,10
hybrid2,40,100000,507.01475,10.711711063478331,10
gpu,100,80000,330.52671,16.143986705584496,10
hybrid2,100,50000,579.6763520000001,14.074920683532408,10
cpu_acc,60,30000,48.946892000000005,0.2720093413755403,10
base,80,70000,2067.895316,7.444060930400563,10
cpu_acc,160,40000,167.306352,0.18308208764862183,10
gpu,80,50000,288.895936,17.954501828812372,10
hybrid2,160,60000,891.169905,25.684163781383635,10
gpu,120,50000,344.600936,29.683481216536812,10
hybrid2,120,80000,900.1784030000001,21.156356001544566,10
hybrid1,80,60000,437.126008,45.30758843320738,10
base,160,20000,1179.246945,6.229165007771893,10
gpu,20,70000,292.217528,17.53820700362106,10
base,140,60000,3131.3830590000002,9.765621874596,10
hybrid2,40,40000,336.17377799999997,13.538731784371492,10
gpu,100,10000,324.020667,29.83736833076792,10
gpu,140,100000,324.088667,10.197899535632109,10
base,20,50000,225.58971400000001,22.454029516445964,10
hybrid1,20,40000,294.48134,10.069618107073923,10
cpu_acc,180,100000,464.241799,0.3461444127801103,10
gpu,180,70000,335.417194,19.496364946013347,10
hybrid2,200,80000,1334.279325,17.79770856860218,10
hybrid1,140,40000,380.31991400000004,7.384141565081212,10
gpu,200,50000,299.655745,15.442942361354485,10
gpu,60,90000,334.531901,26.674065151469765,10
cpu_acc,40,70000,77.598123,0.2648464934447886,10
cpu_acc,180,80000,376.551028,11.950534471337164,10
base,100,80000,2940.866263,23.103453068346525,10
hybrid2,140,20000,416.84614899999997,17.218675460888672,10
hybrid1,160,100000,704.761848,21.583561268610474,10
cpu_acc,60,80000,129.10583300000002,0.26031779416065387,10
gpu,40,60000,288.250954,15.185759101850216,10
hybrid2,20,50000,309.624548,14.554752570481186,10
base,120,70000,3133.162426,5.126679216703733,10
base,40,40000,446.870424,6.8016491680036175,10
cpu_acc,120,10000,32.439510999999996,0.04559540850422055,10
hybrid1,40,50000,341.531299,15.276153851182892,10
hybrid1,120,50000,488.126739,29.130626666176695,10
cpu_acc,20,60000,35.195668999999995,0.1104951614274968,10
base,160,90000,5380.4647700000005,16.585942529433254,10
hybrid2,120,30000,497.786841,19.756238674156364,10
cpu_acc,120,100000,309.74742000000003,0.5944997960564179,10
base,200,70000,5196.6943,34.0369073438133,10
hybrid1,100,10000,285.64169499999997,36.2034055037289,10
hybrid1,60,10000,255.94389999999999,22.64692466203304,10
hybrid2,80,70000,609.224111,6.054319275199703,10
base,180,50000,3331.4703329999998,27.30036621913582,10
cpu_acc,100,50000,132.254917,0.15050273213097964,10
cpu_acc,40,100000,111.73013800000001,0.9655357833958198,10
hybrid2,100,70000,722.1952739999999,17.071979091134626,10
gpu,60,20000,252.86275299999997,13.484416590740793,10
hybrid2,200,30000,645.577132,7.7903166575375185,10
hybrid2,180,10000,341.594875,8.616150876773021,10
cpu_acc,200,10000,53.028696000000004,0.06203999484203689,10
cpu_acc,80,40000,85.244906,0.15438412067163942,10
hybrid1,180,70000,602.264364,20.94974144702731,10
hybrid1,200,50000,507.224777,11.350928362230553,10
hybrid2,140,90000,1082.4976419999998,14.629329208836959,10
gpu,140,40000,260.489669,9.478171798232504,10
base,100,30000,1099.095947,7.760179979525186,10
cpu_acc,180,30000,140.91826799999998,0.10688160394671314,10
cpu_acc,120,80000,247.65512600000002,0.5516107853107238,10
hybrid2,60,20000,317.042149,15.769155189293823,10
hybrid1,80,40000,337.24215,22.482645592299257,10
gpu,120,70000,313.175211,16.88011916912676,10
cpu_acc,160,60000,248.942469,0.587326032350578,10
base,80,50000,1470.834437,8.629165230989178,10
hybrid1,160,20000,320.033126,14.71159878178984,10
cpu_acc,60,10000,17.425033,0.06153328639398733,10
hybrid2,160,40000,661.305008,6.769210838297834,10
gpu,160,90000,333.693511,34.68937355122569,10
gpu,80,70000,310.903982,15.223753233202391,10
cpu_acc,40,50000,55.856967999999995,0.08033808586218635,10
hybrid1,140,60000,486.05381,11.353137395000354,10
gpu,200,70000,316.855744,17.64367477496505,10
base,100,100000,3682.891084,27.204386725029064,10
gpu,180,50000,288.949287,8.042623207217138,10
hybrid2,180,80000,1206.989078,8.101871048653958,10
cpu_acc,140,20000,73.356537,0.06221387377426236,10
hybrid1,20,60000,316.67519,12.610935524185171,10
cpu_acc,200,80000,417.17389599999996,12.881250132945775,10
base,60,90000,2003.31612,4.292103105360407,10
hybrid1,200,100000,815.100008,30.138805040115002,10
gpu,20,50000,284.78752,12.234626145105993,10
hybrid1,100,80000,507.020451,18.891455492964372,10
hybrid2,120,100000,1064.941151,14.882672921222813,10
hybrid1,60,80000,418.698812,8.99207746626972,10
base,20,70000,291.81959700000004,31.29490544266841,10
gpu,100,30000,268.859661,11.654123293306439,10
hybrid2,40,60000,392.683976,13.302321979214506,10
base,140,40000,2061.55784,12.34035444332306,10
gpu,120,60000,298.479414,15.26863039993379,10
hybrid1,80,50000,386.07835800000004,21.13335439749519,10
hybrid2,60,30000,363.861666,14.308622079108805,10
base,160,10000,261.976367,0.7667512814328404,10
cpu_acc,120,90000,280.29443000000003,0.20891785445745972,10
cpu_acc,20,100000,57.089161000000004,0.1013031220808801,10
gpu,160,80000,309.152539,10.180816125210365,10
hybrid2,160,50000,780.720312,12.055662812949329,10
gpu,80,60000,310.99709,28.53200491019826,10
cpu_acc,160,70000,289.502664,0.28252709141287036,10
hybrid1,60,100000,464.65206500000005,12.725473181491127,10
hybrid1,160,30000,367.70448799999997,18.161349099159764,10
base,80,40000,1169.2685390000001,7.343330933589322,10
base,60,80000,1721.258237,34.66455792890391,10
cpu_acc,200,90000,462.29630800000007,0.3747955584582102,10
hybrid1,100,100000,574.425747,22.16386271507947,10
hybrid2,140,10000,328.921113,12.719536367057174,10
gpu,180,100000,355.484985,18.280052932184635,10
gpu,200,60000,304.770832,18.836212991791935,10
hybrid1,140,70000,544.276658,32.35744214932008,10
cpu_acc,40,40000,45.141041,0.15923125645494918,10
hybrid1,20,70000,336.74389,10.236905025000905,10
base,200,100000,7266.732183,27.980744927643787,10
cpu_acc,140,30000,109.086963,0.4182677503452639,10
hybrid2,180,90000,1333.380609,16.33098082664864,10
gpu,180,40000,304.97702300000003,30.36872536193079,10
base,20,60000,264.27341,23.822426075465575,10
base,140,50000,2607.430957,5.297209261306216,10
hybrid2,40,70000,421.45580600000005,14.54821772395827,10
gpu,100,20000,251.02029,6.316750707444452,10
hybrid1,100,90000,543.360303,13.139299385290277,10
cpu_acc,140,100000,359.971205,0.27005562205879097,10
gpu,20,40000,271.611155,11.092573646890719,10
hybrid1,60,90000,467.500951,31.548969752994907,10
gpu,160,10000,245.900152,9.771690904364506,10
base,120,60000,2659.120309,18.1196656039984,10
hybrid2,20,40000,296.50276599999995,11.432456228019518,10
base,160,100000,5936.918547,19.862723964356586,10
base,40,50000,603.5933769999999,9.09294929999436,10
cpu_acc,60,90000,144.604356,1.83519604744561,10
gpu,40,70000,310.313578,17.843625794006982,10
hybrid2,120,20000,418.40117399999997,23.905954892418286,10
hybrid2,140,100000,1192.64563,15.594651833954666,10
base,160,80000,4752.798889,9.494548068635579,10
hybrid1,40,40000,298.12737899999996,11.891343409436269,10
cpu_acc,20,70000,40.9755,0.19779629234812957,10
hybrid1,120,40000,400.42208500000004,13.042484300136012,10
hybrid2,100,60000,640.282594,10.924507617315419,10
base,200,60000,4467.883556,21.35828794833412,10
base,180,40000,2656.562863,17.836394884701352,10
cpu_acc,100,40000,107.52275300000001,1.8474368003807644,10
hybrid2,80,60000,571.045969,18.299337594923674,10
base,60,10000,88.386112,0.2354370013306241,10
hybrid1,180,60000,538.920664,39.06630597494902,10
cpu_acc,80,50000,106.315146,0.075364033449503,10
base,100,20000,631.062648,5.324308082885912,10
cpu_acc,180,20000,93.872083,0.17198855517801603,10
gpu,140,50000,285.950173,15.67670559822159,10
hybrid1,200,40000,449.361068,14.276620184175876,10
hybrid2,140,80000,1007.5577989999999,34.22432919214422,10
hybrid2,200,20000,521.570125,18.189684479389378,10
gpu,60,30000,262.720541,20.631479449258258,10
hybrid2,80,100000,779.278719,14.300926997826599,10
base,140,90000,4718.147634,12.052797933379173,10
hybrid1,40,100000,424.76749,11.323996869551939,10
hybrid2,100,30000,444.35175300000003,15.658289107225853,10
hybrid1,60,50000,366.33693800000003,27.893324965894944,10
hybrid2,80,30000,400.795528,9.39580134408485,10
cpu_acc,100,10000,27.931361,0.4448807381622377,10
base,180,10000,303.974012,2.074194704113695,10
hybrid1,100,50000,397.47564700000004,13.899585314901426,10
gpu,20,80000,301.06199000000004,12.412399632176054,10
base,200,30000,2225.562883,20.46369531614578,10
cpu_acc,180,70000,330.609393,10.498597551847942,10
base,100,70000,2585.249944,23.931011024593285,10
hybrid1,200,10000,291.92148499999996,9.78802082363407,10
hybrid1,180,30000,364.824423,6.761407990796076,10
base,60,40000,837.481828,12.025440191282255,10
cpu_acc,200,50000,259.123801,0.10935952048683129,10
hybrid2,180,50000,863.3604929999999,14.842835812977286,10
gpu,180,80000,319.829105,19.801455361528493,10
hybrid2,200,70000,1191.116959,6.592726519667054,10
gpu,60,60000,279.397039,11.563191840651998,10
cpu_acc,40,80000,89.496059,0.079884109315378,10
gpu,160,40000,271.777712,17.94522556065961,10
hybrid2,160,90000,1240.117821,36.16722187257452,10
hybrid2,20,10000,253.535141,14.069774512149916,10
cpu_acc,160,100000,415.779529,0.39308775244352956,10
base,120,30000,1325.128127,7.651124799062119,10
hybrid2,200,100000,1626.523344,49.65205432905273,10
gpu,40,20000,242.26278299999998,21.385115515932032,10
base,80,80000,2372.572654,10.287888423061425,10
hybrid2,120,70000,806.30858,12.221564980734305,10
hybrid1,80,90000,484.45787899999993,7.738331493498877,10
hybrid1,120,100000,596.337504,13.73111949047629,10
cpu_acc,20,20000,12.461896,0.047327255055740786,10
hybrid1,120,10000,266.468297,9.005565132860955,10
cpu_acc,120,50000,155.60502300000002,0.6834909210166724,10
hybrid1,40,10000,242.272372,10.204126924882242,10
gpu,140,90000,315.181445,7.502664476993418,10
hybrid2,140,40000,607.944049,7.815169384164861,10
hybrid1,200,80000,676.259944,8.317958236003198,10
cpu_acc,80,90000,189.057747,0.24963034769435166,10
cpu_acc,140,60000,217.01845899999998,0.17717169917279862,10
hybrid1,20,20000,268.48094000000003,12.489974957953724,10
gpu,180,10000,233.777787,10.177103209401047,10
hybrid2,160,100000,1329.698433,12.16337728973063,10
gpu,200,30000,263.904358,11.536993892200101,10
hybrid1,140,20000,316.424035,19.344445363631877,10
cpu_acc,200,100000,515.757842,0.20601633262116478,10
cpu_acc,40,10000,12.086248000000001,0.17275777588545452,10
hybrid2,40,20000,298.721725,40.70568300770852,10
gpu,100,70000,304.44640300000003,10.027963468324248,10
base,20,30000,129.441228,9.016772572357466,10
cpu_acc,100,80000,211.033926,0.18212484681302268,10
base,180,80000,5350.515824,48.8921215231399,10
base,140,100000,5212.248821,7.261691985798411,10
gpu,20,10000,244.208724,17.654607751786745,10
gpu,120,30000,281.409026,15.223025421932547,10
base,160,40000,2375.4418130000004,8.320613760857968,10
hybrid2,60,60000,478.38790499999993,9.794819410920184,10
hybrid1,120,80000,534.440884,15.373676903718085,10
hybrid1,40,80000,391.921827,21.254116220012047,10
gpu,80,30000,259.985736,8.944784344502043,10
base,40,90000,1264.025106,18.670441998185968,10
hybrid2,20,80000,340.106216,13.097308916217354,10
cpu_acc,60,50000,81.481909,0.10029955438584985,10
base,80,10000,119.455767,0.19118255272848114,10
hybrid1,160,60000,508.826492,20.76543929619534,10
cpu_acc,160,20000,84.37213,0.05881734589198792,10
hybrid1,20,30000,271.940863,15.73851936818499,10
gpu,80,100000,351.10332400000004,23.331200393973262,10
cpu_acc,140,70000,255.790083,7.664432712313349,10
cpu_acc,100,100000,266.042684,4.751566929955731,10
hybrid1,140,30000,354.530258,9.01872932364249,10
gpu,200,20000,264.657564,23.047515782014926,10
hybrid2,140,50000,706.033735,11.244066763828297,10
hybrid1,200,90000,739.567239,16.219313102913556,10
gpu,140,80000,309.65482499999996,9.457607164819759,10
cpu_acc,80,80000,168.939837,0.11370989833294501,10
cpu_acc,100,90000,237.462504,0.39900847830591113,10
base,180,90000,5967.562849,16.415100910372118,10
gpu,100,60000,302.490127,10.26210277936582,10
base,140,10000,225.358372,0.9802934828554623,10
hybrid2,40,30000,300.857105,7.274569065299029,10
hybrid1,140,100000,646.756547,9.699102266042813,10
base,20,20000,89.274875,4.814324000861617,10
hybrid1,120,90000,567.306218,20.15811542355132,10
hybrid1,20,100000,385.276057,13.453301586137838,10
hybrid1,40,90000,427.27868099999995,21.395266180692843,10
hybrid1,80,10000,261.786992,12.06738458909321,10
hybrid2,60,70000,522.0477840000001,17.406034802942603,10
base,160,50000,2943.840607,12.081284067302986,10
gpu,120,20000,258.42999799999996,18.96385266042613,10
hybrid1,160,70000,561.654138,16.072056955974375,10
cpu_acc,60,40000,65.13538,0.20717854645476716,10
cpu_acc,160,30000,125.529251,0.1595924229926564,10
cpu_acc,60,100000,161.33225399999998,0.29633050183124404,10
base,40,80000,1119.708194,9.950047312118897,10
gpu,80,20000,263.744132,13.899429261049857,10
hybrid2,20,90000,354.819566,12.909136120241175,10
hybrid2,160,10000,339.606139,12.255394863182547,10
base,80,100000,2969.715253,2.5126058843760233,10
hybrid2,80,20000,335.582408,11.289603701768964,10
hybrid1,60,40000,328.613432,11.847304967649157,10
base,200,20000,1493.030343,2.447714352493179,10
gpu,20,90000,303.401232,8.066953596002785,10
hybrid1,100,40000,367.450659,7.580081143629667,10
hybrid2,100,20000,382.980029,17.439693399117132,10
base,140,80000,4176.081699,6.0240547812534775,10
gpu,180,90000,320.406864,10.498133500591853,10
hybrid2,180,40000,718.051857,13.449388715417559,10
gpu,60,70000,293.949649,10.943042485713061,10
cpu_acc,40,90000,98.90675,0.22660727790607268,10
hybrid2,200,60000,1073.50394,19.903669780991024,10
gpu,140,10000,247.097761,16.338883047424318,10
cpu_acc,180,60000,280.25566399999997,0.18232907887784658,10
base,100,60000,2226.249565,12.720169889510268,10
cpu_acc,80,10000,22.157996,0.06603810317620558,10
cpu_acc,200,40000,207.28061699999998,0.11943957496482369,10
base,60,50000,1078.235269,12.72556019170209,10
hybrid1,180,20000,376.421106,21.90002900152834,10
base,80,90000,2673.527666,1.0065529791344494,10
gpu,40,30000,252.63249299999998,16.193242398915146,10
hybrid2,100,100000,929.53522,15.55171388378213,10
base,40,10000,59.059495000000005,0.08667675277848312,10
base,120,20000,826.200534,6.653748200155407,10
hybrid2,160,80000,1135.55338,48.36250751312263,10
gpu,160,50000,285.89730399999996,13.450652740930211,10
cpu_acc,20,30000,18.15372,0.0636942366135101,10
cpu_acc,120,40000,127.840581,5.0578665248248,10
hybrid1,80,80000,465.040002,12.570985400905268,10
hybrid2,120,60000,727.712404,30.344895968367183,10
base,120,100000,4467.044124,11.613322252619206,10
base,200,90000,6690.213307,16.75112262019297,10
gpu,20,20000,252.26992,8.788181880996015,10
hybrid2,80,90000,768.616908,43.54133811104845,10
hybrid2,40,10000,256.726547,10.06309863712636,10
base,140,30000,1549.963954,13.810142913085599,10
gpu,100,40000,274.322936,9.956035018508116,10
hybrid2,100,90000,872.3525739999999,16.468504099575597,10
hybrid1,140,10000,271.96282,13.554073116975243,10
base,180,100000,6707.852038,35.91961914154008,10
cpu_acc,40,20000,22.879861,0.16752734220949667,10
cpu_acc,140,50000,180.556343,0.7888112701478261,10
hybrid1,20,10000,237.745644,12.702117170528174,10
gpu,180,20000,267.365953,34.08848812589834,10
hybrid1,180,90000,674.253952,9.090182260652655,10
gpu,200,100000,363.679308,22.31468534378939,10
hybrid2,140,70000,921.252162,26.17545590532465,10
cpu_acc,160,10000,42.870807,0.1285369629544575,10
cpu_acc,60,60000,95.70995500000001,0.14426952178705738,10
gpu,40,80000,303.166469,12.120003664543312,10
base,80,20000,456.75465,5.961851601367926,10
hybrid1,160,50000,459.412134,14.179750072411322,10
hybrid2,160,30000,558.07416,12.880840319747952,10
base,120,90000,4040.0818310000004,6.268927179613596,10
hybrid2,60,100000,639.356753,11.21274581386741,10
base,20,100000,457.97725499999996,21.017792157382193,10
cpu_acc,20,80000,46.765982,0.14637530186324166,10
base,160,70000,4155.352012,31.860838426990806,10
hybrid1,80,30000,322.457159,17.789596117759054,10
hybrid2,60,50000,454.41116300000004,6.351579860752133,10
hybrid1,140,80000,567.459756,16.554891877953708,10
hybrid2,200,40000,787.911649,19.914582236094933,10
gpu,200,90000,363.892297,27.117614835366098,10
gpu,60,50000,322.974653,113.654135000643,10
hybrid1,20,80000,344.043587,11.971697237883891,10
hybrid2,180,60000,959.3046700000001,9.299779495402646,10
base,60,70000,1483.323215,13.964725124545662,10
cpu_acc,200,60000,308.448625,0.1474338091973729,10
hybrid1,80,100000,527.976243,14.290688548800677,10
cpu_acc,80,30000,64.979966,1.3902006731419916,10
base,100,40000,1486.433546,4.310651352373041,10
cpu_acc,180,40000,187.144444,0.1549709397274193,10
hybrid1,200,20000,338.620763,14.53829925149053,10
gpu,140,30000,283.00054,22.525877433973573,10
hybrid1,100,60000,425.992483,13.577315325025738,10
hybrid1,60,60000,383.01946200000003,32.11732189346871,10
base,180,20000,1339.950402,2.4223189790263477,10
cpu_acc,100,20000,53.964909,0.10215813433104576,10
base,20,90000,406.253689,34.85035554326254,10
hybrid2,40,80000,459.033601,14.394267946035905,10
cpu_acc,120,60000,187.01072,0.31391620130927617,10
hybrid1,40,20000,259.924259,6.03992554613134,10
cpu_acc,20,10000,6.537231,0.037608466969258084,10
hybrid1,120,20000,320.136349,27.776451446396273,10
gpu,120,90000,316.022128,17.693903143482817,10
hybrid2,120,40000,561.984831,13.993296975967098,10
gpu,20,100000,321.754187,21.152103276604304,10
gpu,160,100000,348.937428,17.17993549876898,10
cpu_acc,160,80000,331.640806,0.2841023575403768,10
gpu,40,10000,233.42659400000002,6.001595161855257,10
gpu,160,70000,318.454588,16.583480192810224,10
hybrid2,20,20000,271.208794,12.145713369531927,10
gpu,80,90000,322.182755,9.711105597905526,10
base,40,30000,346.046239,26.18165682016852,10
cpu_acc,80,20000,43.173797,0.16970572072135698,10
cpu_acc,200,70000,364.692719,9.579151394385917,10
base,60,60000,1270.648027,15.161622108406936,10
hybrid1,180,10000,262.74399,8.507051608730256,10
gpu,140,20000,252.83495700000003,17.911719790672787,10
hybrid1,200,30000,389.564815,8.646617349131065,10
base,100,50000,1861.857195,8.481148012888127,10
cpu_acc,180,50000,234.017722,0.16037568552205012,10
gpu,60,40000,271.51688,12.189986496381177,10
gpu,200,80000,333.218134,14.334162656423437,10
hybrid1,140,90000,597.683277,21.941084474649138,10
hybrid2,200,50000,920.545573,11.216671997293464,10
base,40,100000,1396.891117,17.620771078381747,10
hybrid2,180,70000,1097.590565,13.654418667300265,10
hybrid1,20,90000,357.755267,11.026108199944806,10
base,20,80000,318.284811,4.961924398269621,10
hybrid2,100,10000,301.91298,9.645031906469892,10
hybrid2,40,90000,490.45932899999997,17.822752742286376,10
base,200,10000,362.920884,1.4474866948473146,10
hybrid1,100,70000,474.668386,20.24371408032967,10
base,180,30000,2019.014632,2.5637121320624985,10
cpu_acc,100,30000,80.386919,0.2794777057874592,10
hybrid1,60,70000,392.01369,7.322203871256549,10
hybrid2,80,10000,288.70211600000005,10.643579554384674,10
hybrid2,120,50000,645.664437,18.155677815583413,10
gpu,120,80000,323.675513,21.073346718710315,10
hybrid1,40,30000,283.854229,15.057254923855332,10
cpu_acc,120,70000,218.894786,1.0929879193415937,10
hybrid1,120,30000,365.028872,22.35945040125729,10
base,120,10000,189.41431,5.0994945099489986,10
hybrid2,20,30000,277.96425899999997,12.245208137878489,10
gpu,160,60000,292.296566,13.342301994296355,10
base,40,20000,217.901289,6.937943641018092,10
gpu,80,80000,321.479085,27.629662099020095,10
cpu_acc,160,90000,374.235803,0.4084879787174364,10
base,20,10000,30.336876,0.1056955300431907,10
hybrid2,100,80000,869.6275600000001,36.484246132511,10
gpu,100,50000,284.865378,7.262013629074393,10
base,140,20000,1003.71204,8.983957023843486,10
gpu,20,30000,267.040411,18.713674332322668,10
gpu,40,100000,318.396992,15.88158834516651,10
base,200,80000,5911.195377999999,51.8848333875466,10
hybrid2,80,80000,672.287076,14.460661241589333,10
hybrid1,180,80000,638.843661,18.839932219105165,10
gpu,100,100000,335.065931,9.137879229893619,10
hybrid2,140,60000,805.6294350000001,13.556255042567557,10
hybrid1,180,100000,749.864624,19.247084197474468,10
cpu_acc,40,30000,34.029128,0.07752735600346973,10
gpu,200,10000,268.634659,11.734033994853927,10
gpu,180,30000,252.807807,14.752883895088331,10
cpu_acc,140,40000,146.584647,4.34796673857269,10
base,120,80000,3544.2524559999997,27.616235222499178,10
hybrid2,160,20000,467.21427299999993,15.229219542217042,10
gpu,80,10000,244.781862,12.309826805311811,10
hybrid1,160,40000,410.847165,11.620706838241853,10
base,80,30000,822.6256510000001,7.250762918693369,10
cpu_acc,60,70000,112.93408500000001,0.5361298300733186,10
gpu,40,90000,301.888833,11.382541120749655,10
hybrid2,60,40000,397.85024699999997,11.163807320116655,10
hybrid1,80,20000,286.352039,11.854546602651332,10
base,160,60000,3565.903254,18.349337371498574,10
gpu,120,10000,252.188584,8.836110577386664,10
cpu_acc,20,90000,52.421865000000004,0.15760172406346837,10
